"0",""
"0","GG_G <- ggplot(Aves_completa, aes(x=Gremio_trofico, fill=Gremio_trofico))+"
"0","  geom_bar()+"
"0","  theme_minimal()+"
"0","  scale_fill_viridis_d(option = ""D"")+"
"0","  scale_x_discrete(labels = c("
"0","    ""Carn_acuatico"" = ""C_a"","
"0","    ""Carnivoro"" = ""C"","
"0","    ""Frugivoro"" = ""F"","
"0","    ""Gran_migratorio"" = ""G_M"","
"0","    ""Insectivoro""= ""I"","
"0","    ""Inv_acuatico"" = ""I_a"","
"0","    ""Inv_migratorio"" =""I_m"","
"0","    ""Inv_terrestre"" =""I_t"","
"0","    ""Nectarivoro"" =""N"","
"0","    ""Omnivoro"" =""O"","
"0","    ""Piscivoro""= ""P"""
"0","  )) +"
"0","  labs( title = ""Proporción del gremio trofico de las aves"", subtitle = ""Datos extraidos de CONABIO"", y=""Frecuencia"")"
"0","GG_G"
