"0","library(rgbif) "
"0","library(tidyverse) "
"0","library(sf) "
"0","library(rworldxtra) "
"0","library(geodata) "
"0","library(ggspatial)"
"0","library(terra) "
"0","library(tidyterra) "
"0","library(paletteer) "
"0","library(ggcorrplot) "
"0","library(ggfortify)"
"0","library(ggplot2)"
"0","library(ggridges) "
"0","library(plotly) "
"0","library(patchwork) "
"0","library(magick) "
"0","library(grid)"
"0","library(patchwork)"
"0","library(factoextra)"
"0","library(FactoMineR)"
"0","library(vegan)"
